sku,image,small_image,thumbnail,_media_is_disabled,_media_attibute_id
A51225,/a/5/a51225_99.jpg,/a/5/a51225_99.jpg,/a/5/a51225_99.jpg,0,88
A51226,/a/5/a51226_99.jpg,/a/5/a51226_99.jpg,/a/5/a51226_99.jpg,0,88
A51227,/a/5/a51227_99.jpg,/a/5/a51227_99.jpg,/a/5/a51227_99.jpg,0,88
A51228,/a/5/a51228_99.jpg,/a/5/a51228_99.jpg,/a/5/a51228_99.jpg,0,88
A51229-1,/a/5/a51229-1_96.jpg,/a/5/a51229-1_96.jpg,/a/5/a51229-1_96.jpg,0,88
A51230-1,/a/5/a51230-1_96.jpg,/a/5/a51230-1_96.jpg,/a/5/a51230-1_96.jpg,0,88
A51231-1,/a/5/a51231-1_96.jpg,/a/5/a51231-1_96.jpg,/a/5/a51231-1_96.jpg,0,88
A51232,/a/5/a51232_99.jpg,/a/5/a51232_99.jpg,/a/5/a51232_99.jpg,0,88
A51233,/a/5/a51233_99.jpg,/a/5/a51233_99.jpg,/a/5/a51233_99.jpg,0,88
A51234,/a/5/a51234_99.jpg,/a/5/a51234_99.jpg,/a/5/a51234_99.jpg,0,88
A51235,/a/5/a51235_99.jpg,/a/5/a51235_99.jpg,/a/5/a51235_99.jpg,0,88
A51236-1,/a/5/a51236-1_96.jpg,/a/5/a51236-1_96.jpg,/a/5/a51236-1_96.jpg,0,88
A51237,/a/5/a51237_99.jpg,/a/5/a51237_99.jpg,/a/5/a51237_99.jpg,0,88
A51238,/a/5/a51238_99.jpg,/a/5/a51238_99.jpg,/a/5/a51238_99.jpg,0,88
A51239,/a/5/a51239_99.jpg,/a/5/a51239_99.jpg,/a/5/a51239_99.jpg,0,88
A51240,/a/5/a51240_99.jpg,/a/5/a51240_99.jpg,/a/5/a51240_99.jpg,0,88
A51241,/a/5/a51241_99.jpg,/a/5/a51241_99.jpg,/a/5/a51241_99.jpg,0,88
A51242,/a/5/a51242_99.jpg,/a/5/a51242_99.jpg,/a/5/a51242_99.jpg,0,88
A51243,/a/5/a51243_99.jpg,/a/5/a51243_99.jpg,/a/5/a51243_99.jpg,0,88
A51244,/a/5/a51244_99.jpg,/a/5/a51244_99.jpg,/a/5/a51244_99.jpg,0,88
A51245,/a/5/a51245_99.jpg,/a/5/a51245_99.jpg,/a/5/a51245_99.jpg,0,88
A51246,/a/5/a51246_99.jpg,/a/5/a51246_99.jpg,/a/5/a51246_99.jpg,0,88
A51247,/a/5/a51247_99.jpg,/a/5/a51247_99.jpg,/a/5/a51247_99.jpg,0,88
A51248,/a/5/a51248_99.jpg,/a/5/a51248_99.jpg,/a/5/a51248_99.jpg,0,88
A51249,/a/5/a51249_99.jpg,/a/5/a51249_99.jpg,/a/5/a51249_99.jpg,0,88
A51250,/a/5/a51250_99.jpg,/a/5/a51250_99.jpg,/a/5/a51250_99.jpg,0,88
A51251,/a/5/a51251_99.jpg,/a/5/a51251_99.jpg,/a/5/a51251_99.jpg,0,88
A51252,/a/5/a51252_99.jpg,/a/5/a51252_99.jpg,/a/5/a51252_99.jpg,0,88
A51253,/a/5/a51253_99.jpg,/a/5/a51253_99.jpg,/a/5/a51253_99.jpg,0,88
A51254,/a/5/a51254_99.jpg,/a/5/a51254_99.jpg,/a/5/a51254_99.jpg,0,88
A51255,/a/5/a51255_99.jpg,/a/5/a51255_99.jpg,/a/5/a51255_99.jpg,0,88
A51256,/a/5/a51256_99.jpg,/a/5/a51256_99.jpg,/a/5/a51256_99.jpg,0,88
A51259,/a/5/a51259_99.jpg,/a/5/a51259_99.jpg,/a/5/a51259_99.jpg,0,88
A51260,/a/5/a51260_99.jpg,/a/5/a51260_99.jpg,/a/5/a51260_99.jpg,0,88
A51261,/a/5/a51261_99.jpg,/a/5/a51261_99.jpg,/a/5/a51261_99.jpg,0,88
A51262,/a/5/a51262_99.jpg,/a/5/a51262_99.jpg,/a/5/a51262_99.jpg,0,88
A51263,/a/5/a51263_63.jpg,/a/5/a51263_63.jpg,/a/5/a51263_63.jpg,0,88
A51264,/a/5/a51264_63.jpg,/a/5/a51264_63.jpg,/a/5/a51264_63.jpg,0,88
A51265,/a/5/a51265_63.jpg,/a/5/a51265_63.jpg,/a/5/a51265_63.jpg,0,88
A51266,/a/5/a51266_63.jpg,/a/5/a51266_63.jpg,/a/5/a51266_63.jpg,0,88
A51267,/a/5/a51267_63.jpg,/a/5/a51267_63.jpg,/a/5/a51267_63.jpg,0,88
A51268,/a/5/a51268_63.jpg,/a/5/a51268_63.jpg,/a/5/a51268_63.jpg,0,88
A51269,/a/5/a51269_63.jpg,/a/5/a51269_63.jpg,/a/5/a51269_63.jpg,0,88
A51270,/a/5/a51270_63.jpg,/a/5/a51270_63.jpg,/a/5/a51270_63.jpg,0,88
A51271,/a/5/a51271_63.jpg,/a/5/a51271_63.jpg,/a/5/a51271_63.jpg,0,88
A51300,/a/5/a51300_99.jpg,/a/5/a51300_99.jpg,/a/5/a51300_99.jpg,0,88
A51301,/a/5/a51301_99.jpg,/a/5/a51301_99.jpg,/a/5/a51301_99.jpg,0,88
A51302,/a/5/a51302_99.jpg,/a/5/a51302_99.jpg,/a/5/a51302_99.jpg,0,88
A51304,/a/5/a51304_99.jpg,/a/5/a51304_99.jpg,/a/5/a51304_99.jpg,0,88
A51305,/a/5/a51305_99.jpg,/a/5/a51305_99.jpg,/a/5/a51305_99.jpg,0,88
A51306,/a/5/a51306_99.jpg,/a/5/a51306_99.jpg,/a/5/a51306_99.jpg,0,88
A51307,/a/5/a51307_99.jpg,/a/5/a51307_99.jpg,/a/5/a51307_99.jpg,0,88
A51308,/a/5/a51308_99.jpg,/a/5/a51308_99.jpg,/a/5/a51308_99.jpg,0,88
A51309,/a/5/a51309_99.jpg,/a/5/a51309_99.jpg,/a/5/a51309_99.jpg,0,88
A51310,/a/5/a51310_99.jpg,/a/5/a51310_99.jpg,/a/5/a51310_99.jpg,0,88
A51311,/a/5/a51311_99.jpg,/a/5/a51311_99.jpg,/a/5/a51311_99.jpg,0,88
A51312,/a/5/a51312_99.jpg,/a/5/a51312_99.jpg,/a/5/a51312_99.jpg,0,88
A51313,/a/5/a51313_99.jpg,/a/5/a51313_99.jpg,/a/5/a51313_99.jpg,0,88
A51314,/a/5/a51314_63.jpg,/a/5/a51314_63.jpg,/a/5/a51314_63.jpg,0,88
A51315,/a/5/a51315_63.jpg,/a/5/a51315_63.jpg,/a/5/a51315_63.jpg,0,88
A51401,/a/5/a51401_99.jpg,/a/5/a51401_99.jpg,/a/5/a51401_99.jpg,0,88
A51401-B,/a/5/a51401-b_96.jpg,/a/5/a51401-b_96.jpg,/a/5/a51401-b_96.jpg,0,88
A51402-B,/a/5/a51402-b_96.jpg,/a/5/a51402-b_96.jpg,/a/5/a51402-b_96.jpg,0,88
A51404-B,/a/5/a51404-b_96.jpg,/a/5/a51404-b_96.jpg,/a/5/a51404-b_96.jpg,0,88
A51405,/a/5/a51405_96.jpg,/a/5/a51405_96.jpg,/a/5/a51405_96.jpg,0,88
A51405-B,/a/5/a51405-b_96.jpg,/a/5/a51405-b_96.jpg,/a/5/a51405-b_96.jpg,0,88
A51407-B,/a/5/a51407-b_96.jpg,/a/5/a51407-b_96.jpg,/a/5/a51407-b_96.jpg,0,88
A51408-B,/a/5/a51408-b_96.jpg,/a/5/a51408-b_96.jpg,/a/5/a51408-b_96.jpg,0,88
A51410-B,/a/5/a51410-b_96.jpg,/a/5/a51410-b_96.jpg,/a/5/a51410-b_96.jpg,0,88
A51411-B,/a/5/a51411-b_96.jpg,/a/5/a51411-b_96.jpg,/a/5/a51411-b_96.jpg,0,88
A51412,/a/5/a51412_99.jpg,/a/5/a51412_99.jpg,/a/5/a51412_99.jpg,0,88
A51413,/a/5/a51413_99.jpg,/a/5/a51413_99.jpg,/a/5/a51413_99.jpg,0,88
A51413-1,/a/5/a51413-1_96.jpg,/a/5/a51413-1_96.jpg,/a/5/a51413-1_96.jpg,0,88
A51413-B,/a/5/a51413-b_96.jpg,/a/5/a51413-b_96.jpg,/a/5/a51413-b_96.jpg,0,88
A51414-B,/a/5/a51414-b_96.jpg,/a/5/a51414-b_96.jpg,/a/5/a51414-b_96.jpg,0,88
A51415-B,/a/5/a51415-b_96.jpg,/a/5/a51415-b_96.jpg,/a/5/a51415-b_96.jpg,0,88
A51430,/a/5/a51430_99.jpg,/a/5/a51430_99.jpg,/a/5/a51430_99.jpg,0,88
A51430-B,/a/5/a51430-b_96.jpg,/a/5/a51430-b_96.jpg,/a/5/a51430-b_96.jpg,0,88
A51432,/a/5/a51432_99.jpg,/a/5/a51432_99.jpg,/a/5/a51432_99.jpg,0,88
A51432-B,/a/5/a51432-b_96.jpg,/a/5/a51432-b_96.jpg,/a/5/a51432-b_96.jpg,0,88
A51440,/a/5/a51440_99.jpg,/a/5/a51440_99.jpg,/a/5/a51440_99.jpg,0,88
A51440-B,/a/5/a51440-b_96.jpg,/a/5/a51440-b_96.jpg,/a/5/a51440-b_96.jpg,0,88
A51441-B,/a/5/a51441-b_96.jpg,/a/5/a51441-b_96.jpg,/a/5/a51441-b_96.jpg,0,88
A51442-B,/a/5/a51442-b_96.jpg,/a/5/a51442-b_96.jpg,/a/5/a51442-b_96.jpg,0,88
A51443-B,/a/5/a51443-b_96.jpg,/a/5/a51443-b_96.jpg,/a/5/a51443-b_96.jpg,0,88
A51444,/a/5/a51444_99.jpg,/a/5/a51444_99.jpg,/a/5/a51444_99.jpg,0,88
A51444-B,/a/5/a51444-b_96.jpg,/a/5/a51444-b_96.jpg,/a/5/a51444-b_96.jpg,0,88
A51446-B,/a/5/a51446-b_96.jpg,/a/5/a51446-b_96.jpg,/a/5/a51446-b_96.jpg,0,88
A51447-B,/a/5/a51447-b_96.jpg,/a/5/a51447-b_96.jpg,/a/5/a51447-b_96.jpg,0,88
A51449,/a/5/a51449_99.jpg,/a/5/a51449_99.jpg,/a/5/a51449_99.jpg,0,88
A51449-B,/a/5/a51449-b_96.jpg,/a/5/a51449-b_96.jpg,/a/5/a51449-b_96.jpg,0,88
A51451-B,/a/5/a51451-b_96.jpg,/a/5/a51451-b_96.jpg,/a/5/a51451-b_96.jpg,0,88
A51452-B,/a/5/a51452-b_96.jpg,/a/5/a51452-b_96.jpg,/a/5/a51452-b_96.jpg,0,88
A51453,/a/5/a51453_96.jpg,/a/5/a51453_96.jpg,/a/5/a51453_96.jpg,0,88
A51453-1,/a/5/a51453-1_96.jpg,/a/5/a51453-1_96.jpg,/a/5/a51453-1_96.jpg,0,88
A51453-B,/a/5/a51453-b_96.jpg,/a/5/a51453-b_96.jpg,/a/5/a51453-b_96.jpg,0,88
A51454-B,/a/5/a51454-b_96.jpg,/a/5/a51454-b_96.jpg,/a/5/a51454-b_96.jpg,0,88
A51461-B,/a/5/a51461-b_96.jpg,/a/5/a51461-b_96.jpg,/a/5/a51461-b_96.jpg,0,88
A51500,/a/5/a51500_99.jpg,/a/5/a51500_99.jpg,/a/5/a51500_99.jpg,0,88
A51503,/a/5/a51503_99.jpg,/a/5/a51503_99.jpg,/a/5/a51503_99.jpg,0,88
A51505,/a/5/a51505_96.jpg,/a/5/a51505_96.jpg,/a/5/a51505_96.jpg,0,88
A51531,/a/5/a51531_99.jpg,/a/5/a51531_99.jpg,/a/5/a51531_99.jpg,0,88
A51533,/a/5/a51533_99.jpg,/a/5/a51533_99.jpg,/a/5/a51533_99.jpg,0,88
A51534,/a/5/a51534_99.jpg,/a/5/a51534_99.jpg,/a/5/a51534_99.jpg,0,88
A51540,/a/5/a51540_99.jpg,/a/5/a51540_99.jpg,/a/5/a51540_99.jpg,0,88
A51548,/a/5/a51548_99.jpg,/a/5/a51548_99.jpg,/a/5/a51548_99.jpg,0,88
A51550,/a/5/a51550_99.jpg,/a/5/a51550_99.jpg,/a/5/a51550_99.jpg,0,88
A51551,/a/5/a51551_99.jpg,/a/5/a51551_99.jpg,/a/5/a51551_99.jpg,0,88
A51555,/a/5/a51555_99.jpg,/a/5/a51555_99.jpg,/a/5/a51555_99.jpg,0,88
A51557,/a/5/a51557_99.jpg,/a/5/a51557_99.jpg,/a/5/a51557_99.jpg,0,88
A51561,/a/5/a51561_99.jpg,/a/5/a51561_99.jpg,/a/5/a51561_99.jpg,0,88
A51568,/a/5/a51568_99.jpg,/a/5/a51568_99.jpg,/a/5/a51568_99.jpg,0,88
A51590,/a/5/a51590_99.jpg,/a/5/a51590_99.jpg,/a/5/a51590_99.jpg,0,88
A51592,/a/5/a51592_99.jpg,/a/5/a51592_99.jpg,/a/5/a51592_99.jpg,0,88
A51593,/a/5/a51593_98.jpg,/a/5/a51593_98.jpg,/a/5/a51593_98.jpg,0,88
A51594,/a/5/a51594_99.jpg,/a/5/a51594_99.jpg,/a/5/a51594_99.jpg,0,88
A515990,/a/5/a515990_96.jpg,/a/5/a515990_96.jpg,/a/5/a515990_96.jpg,0,88
A515991,/a/5/a515991_96.jpg,/a/5/a515991_96.jpg,/a/5/a515991_96.jpg,0,88
A515992,/a/5/a515992_96.jpg,/a/5/a515992_96.jpg,/a/5/a515992_96.jpg,0,88
A515995,/a/5/a515995_96.jpg,/a/5/a515995_96.jpg,/a/5/a515995_96.jpg,0,88
A51600,/a/5/a51600_99.jpg,/a/5/a51600_99.jpg,/a/5/a51600_99.jpg,0,88
A51601,/a/5/a51601_99.jpg,/a/5/a51601_99.jpg,/a/5/a51601_99.jpg,0,88
A51601-2,/a/5/a51601-2_96.jpg,/a/5/a51601-2_96.jpg,/a/5/a51601-2_96.jpg,0,88
A51602,/a/5/a51602_99.jpg,/a/5/a51602_99.jpg,/a/5/a51602_99.jpg,0,88
A51603,/a/5/a51603_99.jpg,/a/5/a51603_99.jpg,/a/5/a51603_99.jpg,0,88
A51604,/a/5/a51604_99.jpg,/a/5/a51604_99.jpg,/a/5/a51604_99.jpg,0,88
A51605,/a/5/a51605_99.jpg,/a/5/a51605_99.jpg,/a/5/a51605_99.jpg,0,88
A51606,/a/5/a51606_99.jpg,/a/5/a51606_99.jpg,/a/5/a51606_99.jpg,0,88
A51607,/a/5/a51607_99.jpg,/a/5/a51607_99.jpg,/a/5/a51607_99.jpg,0,88
A51608,/a/5/a51608_99.jpg,/a/5/a51608_99.jpg,/a/5/a51608_99.jpg,0,88
A51609,/a/5/a51609_99.jpg,/a/5/a51609_99.jpg,/a/5/a51609_99.jpg,0,88
A51610,/a/5/a51610_99.jpg,/a/5/a51610_99.jpg,/a/5/a51610_99.jpg,0,88
A51620,/a/5/a51620_99.jpg,/a/5/a51620_99.jpg,/a/5/a51620_99.jpg,0,88
A51621,/a/5/a51621_96.jpg,/a/5/a51621_96.jpg,/a/5/a51621_96.jpg,0,88
A51622,/a/5/a51622_99.jpg,/a/5/a51622_99.jpg,/a/5/a51622_99.jpg,0,88
A51623,/a/5/a51623_99.jpg,/a/5/a51623_99.jpg,/a/5/a51623_99.jpg,0,88
A51624,/a/5/a51624_99.jpg,/a/5/a51624_99.jpg,/a/5/a51624_99.jpg,0,88
A51625,/a/5/a51625_99.jpg,/a/5/a51625_99.jpg,/a/5/a51625_99.jpg,0,88
A51626,/a/5/a51626_99.jpg,/a/5/a51626_99.jpg,/a/5/a51626_99.jpg,0,88
A51627,/a/5/a51627_99.jpg,/a/5/a51627_99.jpg,/a/5/a51627_99.jpg,0,88
A51628,/a/5/a51628_99.jpg,/a/5/a51628_99.jpg,/a/5/a51628_99.jpg,0,88
A51629,/a/5/a51629_99.jpg,/a/5/a51629_99.jpg,/a/5/a51629_99.jpg,0,88
A51630,/a/5/a51630_99.jpg,/a/5/a51630_99.jpg,/a/5/a51630_99.jpg,0,88
A51640,/a/5/a51640_99.jpg,/a/5/a51640_99.jpg,/a/5/a51640_99.jpg,0,88
A51641,/a/5/a51641_99.jpg,/a/5/a51641_99.jpg,/a/5/a51641_99.jpg,0,88
A51642,/a/5/a51642_99.jpg,/a/5/a51642_99.jpg,/a/5/a51642_99.jpg,0,88
A51643,/a/5/a51643_99.jpg,/a/5/a51643_99.jpg,/a/5/a51643_99.jpg,0,88
A51644,/a/5/a51644_99.jpg,/a/5/a51644_99.jpg,/a/5/a51644_99.jpg,0,88
A51645,/a/5/a51645_99.jpg,/a/5/a51645_99.jpg,/a/5/a51645_99.jpg,0,88
A51646,/a/5/a51646_99.jpg,/a/5/a51646_99.jpg,/a/5/a51646_99.jpg,0,88
A51647,/a/5/a51647_99.jpg,/a/5/a51647_99.jpg,/a/5/a51647_99.jpg,0,88
A51648,/a/5/a51648_99.jpg,/a/5/a51648_99.jpg,/a/5/a51648_99.jpg,0,88
A51649,/a/5/a51649_99.jpg,/a/5/a51649_99.jpg,/a/5/a51649_99.jpg,0,88
A51650,/a/5/a51650_99.jpg,/a/5/a51650_99.jpg,/a/5/a51650_99.jpg,0,88
A51651,/a/5/a51651_63.jpg,/a/5/a51651_63.jpg,/a/5/a51651_63.jpg,0,88
A51652,/a/5/a51652_63.jpg,/a/5/a51652_63.jpg,/a/5/a51652_63.jpg,0,88
A51653,/a/5/a51653_63.jpg,/a/5/a51653_63.jpg,/a/5/a51653_63.jpg,0,88
A51654,/a/5/a51654_63.jpg,/a/5/a51654_63.jpg,/a/5/a51654_63.jpg,0,88
A51655,/a/5/a51655_63.jpg,/a/5/a51655_63.jpg,/a/5/a51655_63.jpg,0,88
A5030-5,/a/5/a5030-5_20.jpg,/a/5/a5030-5_20.jpg,/a/5/a5030-5_20.jpg,0,88
A503021-5,/a/5/a503021-5_20.jpg,/a/5/a503021-5_20.jpg,/a/5/a503021-5_20.jpg,0,88
A503022-5,/a/5/a503022-5_20.jpg,/a/5/a503022-5_20.jpg,/a/5/a503022-5_20.jpg,0,88
A503023-5,/a/5/a503023-5_20.jpg,/a/5/a503023-5_20.jpg,/a/5/a503023-5_20.jpg,0,88
A503024-5,/a/5/a503024-5_20.jpg,/a/5/a503024-5_20.jpg,/a/5/a503024-5_20.jpg,0,88
A503025-5,/a/5/a503025-5_20.jpg,/a/5/a503025-5_20.jpg,/a/5/a503025-5_20.jpg,0,88
A503026-5,/a/5/a503026-5_20.jpg,/a/5/a503026-5_20.jpg,/a/5/a503026-5_20.jpg,0,88
A5031-5,/a/5/a5031-5_20.jpg,/a/5/a5031-5_20.jpg,/a/5/a5031-5_20.jpg,0,88
A50310-5,/a/5/a50310-5_20.jpg,/a/5/a50310-5_20.jpg,/a/5/a50310-5_20.jpg,0,88
A50311-5,/a/5/a50311-5_20.jpg,/a/5/a50311-5_20.jpg,/a/5/a50311-5_20.jpg,0,88
A50312-5,/a/5/a50312-5_20.jpg,/a/5/a50312-5_20.jpg,/a/5/a50312-5_20.jpg,0,88
A503122-5,/a/5/a503122-5_20.jpg,/a/5/a503122-5_20.jpg,/a/5/a503122-5_20.jpg,0,88
A50313-5,/a/5/a50313-5_20.jpg,/a/5/a50313-5_20.jpg,/a/5/a50313-5_20.jpg,0,88
A50314-5,/a/5/a50314-5_20.jpg,/a/5/a50314-5_20.jpg,/a/5/a50314-5_20.jpg,0,88
A50315-5,/a/5/a50315-5_20.jpg,/a/5/a50315-5_20.jpg,/a/5/a50315-5_20.jpg,0,88
A50316-5,/a/5/a50316-5_20.jpg,/a/5/a50316-5_20.jpg,/a/5/a50316-5_20.jpg,0,88
A5032-5,/a/5/a5032-5_20.jpg,/a/5/a5032-5_20.jpg,/a/5/a5032-5_20.jpg,0,88
A5033-5,/a/5/a5033-5_20.jpg,/a/5/a5033-5_20.jpg,/a/5/a5033-5_20.jpg,0,88
A50331-5,/a/5/a50331-5_20.jpg,/a/5/a50331-5_20.jpg,/a/5/a50331-5_20.jpg,0,88
A5039-5,/a/5/a5039-5_20.jpg,/a/5/a5039-5_20.jpg,/a/5/a5039-5_20.jpg,0,88
A5040-5,/a/5/a5040-5_20.jpg,/a/5/a5040-5_20.jpg,/a/5/a5040-5_20.jpg,0,88
A5041-5,/a/5/a5041-5_20.jpg,/a/5/a5041-5_20.jpg,/a/5/a5041-5_20.jpg,0,88
A5042-5,/a/5/a5042-5_20.jpg,/a/5/a5042-5_20.jpg,/a/5/a5042-5_20.jpg,0,88
A5043-5,/a/5/a5043-5_20.jpg,/a/5/a5043-5_20.jpg,/a/5/a5043-5_20.jpg,0,88
A5045-5,/a/5/a5045-5_20.jpg,/a/5/a5045-5_20.jpg,/a/5/a5045-5_20.jpg,0,88
A5046-5,/a/5/a5046-5_20.jpg,/a/5/a5046-5_20.jpg,/a/5/a5046-5_20.jpg,0,88
A50491-5,/a/5/a50491-5_20.jpg,/a/5/a50491-5_20.jpg,/a/5/a50491-5_20.jpg,0,88
A50492-5,/a/5/a50492-5_20.jpg,/a/5/a50492-5_20.jpg,/a/5/a50492-5_20.jpg,0,88
A50493-5,/a/5/a50493-5_20.jpg,/a/5/a50493-5_20.jpg,/a/5/a50493-5_20.jpg,0,88
A50501-5,/a/5/a50501-5_20.jpg,/a/5/a50501-5_20.jpg,/a/5/a50501-5_20.jpg,0,88
A5052-5,/a/5/a5052-5_20.jpg,/a/5/a5052-5_20.jpg,/a/5/a5052-5_20.jpg,0,88
A5054-5,/a/5/a5054-5_20.jpg,/a/5/a5054-5_20.jpg,/a/5/a5054-5_20.jpg,0,88
A5056-5,/a/5/a5056-5_20.jpg,/a/5/a5056-5_20.jpg,/a/5/a5056-5_20.jpg,0,88
A5058-5,/a/5/a5058-5_20.jpg,/a/5/a5058-5_20.jpg,/a/5/a5058-5_20.jpg,0,88
A5059-5,/a/5/a5059-5_20.jpg,/a/5/a5059-5_20.jpg,/a/5/a5059-5_20.jpg,0,88
A50610-5,/a/5/a50610-5_20.jpg,/a/5/a50610-5_20.jpg,/a/5/a50610-5_20.jpg,0,88
A50612-5,/a/5/a50612-5_20.jpg,/a/5/a50612-5_20.jpg,/a/5/a50612-5_20.jpg,0,88
A50613-5,/a/5/a50613-5_20.jpg,/a/5/a50613-5_20.jpg,/a/5/a50613-5_20.jpg,0,88
A50615-5,/a/5/a50615-5_20.jpg,/a/5/a50615-5_20.jpg,/a/5/a50615-5_20.jpg,0,88
A50616-5,/a/5/a50616-5_20.jpg,/a/5/a50616-5_20.jpg,/a/5/a50616-5_20.jpg,0,88
A50617-5,/a/5/a50617-5_20.jpg,/a/5/a50617-5_20.jpg,/a/5/a50617-5_20.jpg,0,88
A50618-5,/a/5/a50618-5_20.jpg,/a/5/a50618-5_20.jpg,/a/5/a50618-5_20.jpg,0,88
A50619-5,/a/5/a50619-5_20.jpg,/a/5/a50619-5_20.jpg,/a/5/a50619-5_20.jpg,0,88
A50620-5,/a/5/a50620-5_20.jpg,/a/5/a50620-5_20.jpg,/a/5/a50620-5_20.jpg,0,88
A50621-5,/a/5/a50621-5_20.jpg,/a/5/a50621-5_20.jpg,/a/5/a50621-5_20.jpg,0,88
A50623-5,/a/5/a50623-5_20.jpg,/a/5/a50623-5_20.jpg,/a/5/a50623-5_20.jpg,0,88
A50624-5,/a/5/a50624-5_20.jpg,/a/5/a50624-5_20.jpg,/a/5/a50624-5_20.jpg,0,88
A50711-5,/a/5/a50711-5_20.jpg,/a/5/a50711-5_20.jpg,/a/5/a50711-5_20.jpg,0,88
A50713-5,/a/5/a50713-5_20.jpg,/a/5/a50713-5_20.jpg,/a/5/a50713-5_20.jpg,0,88
A50714-5,/a/5/a50714-5_20.jpg,/a/5/a50714-5_20.jpg,/a/5/a50714-5_20.jpg,0,88
A50715-5,/a/5/a50715-5_20.jpg,/a/5/a50715-5_20.jpg,/a/5/a50715-5_20.jpg,0,88
A5072-5,/a/5/a5072-5_20.jpg,/a/5/a5072-5_20.jpg,/a/5/a5072-5_20.jpg,0,88
A5073-5,/a/5/a5073-5_20.jpg,/a/5/a5073-5_20.jpg,/a/5/a5073-5_20.jpg,0,88
A5074-5,/a/5/a5074-5_20.jpg,/a/5/a5074-5_20.jpg,/a/5/a5074-5_20.jpg,0,88
A50741-5,/a/5/a50741-5_20.jpg,/a/5/a50741-5_20.jpg,/a/5/a50741-5_20.jpg,0,88
A5075-5,/a/5/a5075-5_20.jpg,/a/5/a5075-5_20.jpg,/a/5/a5075-5_20.jpg,0,88
A5077-5,/a/5/a5077-5_20.jpg,/a/5/a5077-5_20.jpg,/a/5/a5077-5_20.jpg,0,88
A5078-5,/a/5/a5078-5_20.jpg,/a/5/a5078-5_20.jpg,/a/5/a5078-5_20.jpg,0,88
A50785-5,/a/5/a50785-5_20.jpg,/a/5/a50785-5_20.jpg,/a/5/a50785-5_20.jpg,0,88
A5079-5,/a/5/a5079-5_20.jpg,/a/5/a5079-5_20.jpg,/a/5/a5079-5_20.jpg,0,88
A5080-5,/a/5/a5080-5_20.jpg,/a/5/a5080-5_20.jpg,/a/5/a5080-5_20.jpg,0,88
A5081-5,/a/5/a5081-5_20.jpg,/a/5/a5081-5_20.jpg,/a/5/a5081-5_20.jpg,0,88
A50811-5,/a/5/a50811-5_20.jpg,/a/5/a50811-5_20.jpg,/a/5/a50811-5_20.jpg,0,88
A5082-5,/a/5/a5082-5_20.jpg,/a/5/a5082-5_20.jpg,/a/5/a5082-5_20.jpg,0,88
A5083-5,/a/5/a5083-5_20.jpg,/a/5/a5083-5_20.jpg,/a/5/a5083-5_20.jpg,0,88
A5084-5,/a/5/a5084-5_20.jpg,/a/5/a5084-5_20.jpg,/a/5/a5084-5_20.jpg,0,88
A5085-5,/a/5/a5085-5_20.jpg,/a/5/a5085-5_20.jpg,/a/5/a5085-5_20.jpg,0,88
A5087-5,/a/5/a5087-5_20.jpg,/a/5/a5087-5_20.jpg,/a/5/a5087-5_20.jpg,0,88
A5089-5,/a/5/a5089-5_20.jpg,/a/5/a5089-5_20.jpg,/a/5/a5089-5_20.jpg,0,88
A50901-5,/a/5/a50901-5_20.jpg,/a/5/a50901-5_20.jpg,/a/5/a50901-5_20.jpg,0,88
A5110-5,/a/5/a5110-5_3.jpg,/a/5/a5110-5_3.jpg,/a/5/a5110-5_3.jpg,0,88
A51200-5,/a/5/a51200-5_20.jpg,/a/5/a51200-5_20.jpg,/a/5/a51200-5_20.jpg,0,88
A51201-5,/a/5/a51201-5_20.jpg,/a/5/a51201-5_20.jpg,/a/5/a51201-5_20.jpg,0,88
A51202-5,/a/5/a51202-5_20.jpg,/a/5/a51202-5_20.jpg,/a/5/a51202-5_20.jpg,0,88
A51203-5,/a/5/a51203-5_20.jpg,/a/5/a51203-5_20.jpg,/a/5/a51203-5_20.jpg,0,88
A51207-5,/a/5/a51207-5_20.jpg,/a/5/a51207-5_20.jpg,/a/5/a51207-5_20.jpg,0,88
A51208-5,/a/5/a51208-5_20.jpg,/a/5/a51208-5_20.jpg,/a/5/a51208-5_20.jpg,0,88
A51209-5,/a/5/a51209-5_20.jpg,/a/5/a51209-5_20.jpg,/a/5/a51209-5_20.jpg,0,88
A51210-5,/a/5/a51210-5_20.jpg,/a/5/a51210-5_20.jpg,/a/5/a51210-5_20.jpg,0,88
A51211-5,/a/5/a51211-5_20.jpg,/a/5/a51211-5_20.jpg,/a/5/a51211-5_20.jpg,0,88
A51212-5,/a/5/a51212-5_20.jpg,/a/5/a51212-5_20.jpg,/a/5/a51212-5_20.jpg,0,88
A51213-5,/a/5/a51213-5_20.jpg,/a/5/a51213-5_20.jpg,/a/5/a51213-5_20.jpg,0,88
A51214-5,/a/5/a51214-5_20.jpg,/a/5/a51214-5_20.jpg,/a/5/a51214-5_20.jpg,0,88
A51215-5,/a/5/a51215-5_20.jpg,/a/5/a51215-5_20.jpg,/a/5/a51215-5_20.jpg,0,88
A51216-5,/a/5/a51216-5_20.jpg,/a/5/a51216-5_20.jpg,/a/5/a51216-5_20.jpg,0,88
A51217-5,/a/5/a51217-5_20.jpg,/a/5/a51217-5_20.jpg,/a/5/a51217-5_20.jpg,0,88
A51218-5,/a/5/a51218-5_20.jpg,/a/5/a51218-5_20.jpg,/a/5/a51218-5_20.jpg,0,88
A51219-5,/a/5/a51219-5_20.jpg,/a/5/a51219-5_20.jpg,/a/5/a51219-5_20.jpg,0,88
A51220-5,/a/5/a51220-5_20.jpg,/a/5/a51220-5_20.jpg,/a/5/a51220-5_20.jpg,0,88
A512201-5,/a/5/a512201-5_20.jpg,/a/5/a512201-5_20.jpg,/a/5/a512201-5_20.jpg,0,88
A512202-5,/a/5/a512202-5_20.jpg,/a/5/a512202-5_20.jpg,/a/5/a512202-5_20.jpg,0,88
A512203-5,/a/5/a512203-5_20.jpg,/a/5/a512203-5_20.jpg,/a/5/a512203-5_20.jpg,0,88
A512205-5,/a/5/a512205-5_20.jpg,/a/5/a512205-5_20.jpg,/a/5/a512205-5_20.jpg,0,88
A512206-5,/a/5/a512206-5_20.jpg,/a/5/a512206-5_20.jpg,/a/5/a512206-5_20.jpg,0,88
A512207-5,/a/5/a512207-5_20.jpg,/a/5/a512207-5_20.jpg,/a/5/a512207-5_20.jpg,0,88
A512208-5,/a/5/a512208-5_20.jpg,/a/5/a512208-5_20.jpg,/a/5/a512208-5_20.jpg,0,88
A51221-5,/a/5/a51221-5_20.jpg,/a/5/a51221-5_20.jpg,/a/5/a51221-5_20.jpg,0,88
A51224-5,/a/5/a51224-5_20.jpg,/a/5/a51224-5_20.jpg,/a/5/a51224-5_20.jpg,0,88
A51225-5,/a/5/a51225-5_20.jpg,/a/5/a51225-5_20.jpg,/a/5/a51225-5_20.jpg,0,88
A51226-5,/a/5/a51226-5_20.jpg,/a/5/a51226-5_20.jpg,/a/5/a51226-5_20.jpg,0,88
A51227-5,/a/5/a51227-5_20.jpg,/a/5/a51227-5_20.jpg,/a/5/a51227-5_20.jpg,0,88
A51228-5,/a/5/a51228-5_20.jpg,/a/5/a51228-5_20.jpg,/a/5/a51228-5_20.jpg,0,88
A51229-5,/a/5/a51229-5_20.jpg,/a/5/a51229-5_20.jpg,/a/5/a51229-5_20.jpg,0,88
A51204-5,/a/5/a51204-5_20.jpg,/a/5/a51204-5_20.jpg,/a/5/a51204-5_20.jpg,0,88
A51205-5,/a/5/a51205-5_20.jpg,/a/5/a51205-5_20.jpg,/a/5/a51205-5_20.jpg,0,88
A51206-5,/a/5/a51206-5_20.jpg,/a/5/a51206-5_20.jpg,/a/5/a51206-5_20.jpg,0,88
A51222-5,/a/5/a51222-5_20.jpg,/a/5/a51222-5_20.jpg,/a/5/a51222-5_20.jpg,0,88
A51223-5,/a/5/a51223-5_20.jpg,/a/5/a51223-5_20.jpg,/a/5/a51223-5_20.jpg,0,88
A51230-5,/a/5/a51230-5_20.jpg,/a/5/a51230-5_20.jpg,/a/5/a51230-5_20.jpg,0,88
A51231-5,/a/5/a51231-5_20.jpg,/a/5/a51231-5_20.jpg,/a/5/a51231-5_20.jpg,0,88
A51237-5,/a/5/a51237-5_20.jpg,/a/5/a51237-5_20.jpg,/a/5/a51237-5_20.jpg,0,88
A51238-5,/a/5/a51238-5_20.jpg,/a/5/a51238-5_20.jpg,/a/5/a51238-5_20.jpg,0,88
A51239-5,/a/5/a51239-5_20.jpg,/a/5/a51239-5_20.jpg,/a/5/a51239-5_20.jpg,0,88
A51240-5,/a/5/a51240-5_20.jpg,/a/5/a51240-5_20.jpg,/a/5/a51240-5_20.jpg,0,88
A51241-5,/a/5/a51241-5_20.jpg,/a/5/a51241-5_20.jpg,/a/5/a51241-5_20.jpg,0,88
A51242-5,/a/5/a51242-5_20.jpg,/a/5/a51242-5_20.jpg,/a/5/a51242-5_20.jpg,0,88
A51243-5,/a/5/a51243-5_20.jpg,/a/5/a51243-5_20.jpg,/a/5/a51243-5_20.jpg,0,88
A51244-5,/a/5/a51244-5_20.jpg,/a/5/a51244-5_20.jpg,/a/5/a51244-5_20.jpg,0,88
A51245-5,/a/5/a51245-5_20.jpg,/a/5/a51245-5_20.jpg,/a/5/a51245-5_20.jpg,0,88
A51246-5,/a/5/a51246-5_20.jpg,/a/5/a51246-5_20.jpg,/a/5/a51246-5_20.jpg,0,88
A51247-5,/a/5/a51247-5_20.jpg,/a/5/a51247-5_20.jpg,/a/5/a51247-5_20.jpg,0,88
A51248-5,/a/5/a51248-5_20.jpg,/a/5/a51248-5_20.jpg,/a/5/a51248-5_20.jpg,0,88
A51249-5,/a/5/a51249-5_20.jpg,/a/5/a51249-5_20.jpg,/a/5/a51249-5_20.jpg,0,88
A51250-5,/a/5/a51250-5_20.jpg,/a/5/a51250-5_20.jpg,/a/5/a51250-5_20.jpg,0,88
A51251-5,/a/5/a51251-5_20.jpg,/a/5/a51251-5_20.jpg,/a/5/a51251-5_20.jpg,0,88
A51252-5,/a/5/a51252-5_20.jpg,/a/5/a51252-5_20.jpg,/a/5/a51252-5_20.jpg,0,88
A51253-5,/a/5/a51253-5_20.jpg,/a/5/a51253-5_20.jpg,/a/5/a51253-5_20.jpg,0,88
A51254-5,/a/5/a51254-5_20.jpg,/a/5/a51254-5_20.jpg,/a/5/a51254-5_20.jpg,0,88
A51255-5,/a/5/a51255-5_20.jpg,/a/5/a51255-5_20.jpg,/a/5/a51255-5_20.jpg,0,88
A51256-5,/a/5/a51256-5_20.jpg,/a/5/a51256-5_20.jpg,/a/5/a51256-5_20.jpg,0,88
A51259-5,/a/5/a51259-5_20.jpg,/a/5/a51259-5_20.jpg,/a/5/a51259-5_20.jpg,0,88
A51260-5,/a/5/a51260-5_20.jpg,/a/5/a51260-5_20.jpg,/a/5/a51260-5_20.jpg,0,88
A51261-5,/a/5/a51261-5_20.jpg,/a/5/a51261-5_20.jpg,/a/5/a51261-5_20.jpg,0,88
A51262-5,/a/5/a51262-5_20.jpg,/a/5/a51262-5_20.jpg,/a/5/a51262-5_20.jpg,0,88
A51265-5,/a/5/a51265-5_20.jpg,/a/5/a51265-5_20.jpg,/a/5/a51265-5_20.jpg,0,88
A51232-5,/a/5/a51232-5_20.jpg,/a/5/a51232-5_20.jpg,/a/5/a51232-5_20.jpg,0,88
A51233-5,/a/5/a51233-5_20.jpg,/a/5/a51233-5_20.jpg,/a/5/a51233-5_20.jpg,0,88
A51234-5,/a/5/a51234-5_20.jpg,/a/5/a51234-5_20.jpg,/a/5/a51234-5_20.jpg,0,88
A51235-5,/a/5/a51235-5_20.jpg,/a/5/a51235-5_20.jpg,/a/5/a51235-5_20.jpg,0,88
A51236-5,/a/5/a51236-5_20.jpg,/a/5/a51236-5_20.jpg,/a/5/a51236-5_20.jpg,0,88
A51300-2,/a/5/a51300-2_78.jpg,/a/5/a51300-2_78.jpg,/a/5/a51300-2_78.jpg,0,88
A51203-2,/a/5/a51203-2_81.jpg,/a/5/a51203-2_81.jpg,/a/5/a51203-2_81.jpg,0,88
A51204-2,/a/5/a51204-2_81.jpg,/a/5/a51204-2_81.jpg,/a/5/a51204-2_81.jpg,0,88
A51304-2,/a/5/a51304-2_78.jpg,/a/5/a51304-2_78.jpg,/a/5/a51304-2_78.jpg,0,88
A51302-1,/a/5/a51302-1_78.jpg,/a/5/a51302-1_78.jpg,/a/5/a51302-1_78.jpg,0,88
A51206-6,/a/5/a51206-6_20.jpg,/a/5/a51206-6_20.jpg,/a/5/a51206-6_20.jpg,0,88
A51207-2,/a/5/a51207-2_81.jpg,/a/5/a51207-2_81.jpg,/a/5/a51207-2_81.jpg,0,88
A51301-2,/a/5/a51301-2_78.jpg,/a/5/a51301-2_78.jpg,/a/5/a51301-2_78.jpg,0,88
A51306-2,/a/5/a51306-2_78.jpg,/a/5/a51306-2_78.jpg,/a/5/a51306-2_78.jpg,0,88
A51216-2,/a/5/a51216-2_81.jpg,/a/5/a51216-2_81.jpg,/a/5/a51216-2_81.jpg,0,88
A51221-2,/a/5/a51221-2_81.jpg,/a/5/a51221-2_81.jpg,/a/5/a51221-2_81.jpg,0,88
A51308-2,/a/5/a51308-2_78.jpg,/a/5/a51308-2_78.jpg,/a/5/a51308-2_78.jpg,0,88
A51307-2,/a/5/a51307-2_78.jpg,/a/5/a51307-2_78.jpg,/a/5/a51307-2_78.jpg,0,88
A51222-2,/a/5/a51222-2_81.jpg,/a/5/a51222-2_81.jpg,/a/5/a51222-2_81.jpg,0,88
A51223-2,/a/5/a51223-2_81.jpg,/a/5/a51223-2_81.jpg,/a/5/a51223-2_81.jpg,0,88
A51310-2,/a/5/a51310-2_78.jpg,/a/5/a51310-2_78.jpg,/a/5/a51310-2_78.jpg,0,88
A51312-2,/a/5/a51312-2_78.jpg,/a/5/a51312-2_78.jpg,/a/5/a51312-2_78.jpg,0,88
A51229-2,/a/5/a51229-2_81.jpg,/a/5/a51229-2_81.jpg,/a/5/a51229-2_81.jpg,0,88
A51230-2,/a/5/a51230-2_81.jpg,/a/5/a51230-2_81.jpg,/a/5/a51230-2_81.jpg,0,88
A51309-2,/a/5/a51309-2_78.jpg,/a/5/a51309-2_78.jpg,/a/5/a51309-2_78.jpg,0,88
A51311-2,/a/5/a51311-2_78.jpg,/a/5/a51311-2_78.jpg,/a/5/a51311-2_78.jpg,0,88
A51231-2,/a/5/a51231-2_81.jpg,/a/5/a51231-2_81.jpg,/a/5/a51231-2_81.jpg,0,88
A51305-2,/a/5/a51305-2_78.jpg,/a/5/a51305-2_78.jpg,/a/5/a51305-2_78.jpg,0,88
A51236-2,/a/5/a51236-2_81.jpg,/a/5/a51236-2_81.jpg,/a/5/a51236-2_81.jpg,0,88
A51302-5,/a/5/a51302-5_20.jpg,/a/5/a51302-5_20.jpg,/a/5/a51302-5_20.jpg,0,88
A51304-5,/a/5/a51304-5_20.jpg,/a/5/a51304-5_20.jpg,/a/5/a51304-5_20.jpg,0,88
A51306-5,/a/5/a51306-5_20.jpg,/a/5/a51306-5_20.jpg,/a/5/a51306-5_20.jpg,0,88
A51305-5,/a/5/a51305-5_20.jpg,/a/5/a51305-5_20.jpg,/a/5/a51305-5_20.jpg,0,88
A51308-5,/a/5/a51308-5_20.jpg,/a/5/a51308-5_20.jpg,/a/5/a51308-5_20.jpg,0,88
A51307-5,/a/5/a51307-5_20.jpg,/a/5/a51307-5_20.jpg,/a/5/a51307-5_20.jpg,0,88
A51312-5,/a/5/a51312-5_20.jpg,/a/5/a51312-5_20.jpg,/a/5/a51312-5_20.jpg,0,88
A51310-5,/a/5/a51310-5_20.jpg,/a/5/a51310-5_20.jpg,/a/5/a51310-5_20.jpg,0,88
A51311-5,/a/5/a51311-5_20.jpg,/a/5/a51311-5_20.jpg,/a/5/a51311-5_20.jpg,0,88
A51309-5,/a/5/a51309-5_20.jpg,/a/5/a51309-5_20.jpg,/a/5/a51309-5_20.jpg,0,88
A51313-5,/a/5/a51313-5_20.jpg,/a/5/a51313-5_20.jpg,/a/5/a51313-5_20.jpg,0,88
A51315-5,/a/5/a51315-5_20.jpg,/a/5/a51315-5_20.jpg,/a/5/a51315-5_20.jpg,0,88
A51300-5,/a/5/a51300-5_20.jpg,/a/5/a51300-5_20.jpg,/a/5/a51300-5_20.jpg,0,88
A51301-5,/a/5/a51301-5_20.jpg,/a/5/a51301-5_20.jpg,/a/5/a51301-5_20.jpg,0,88
A51401-5,/a/5/a51401-5_20.jpg,/a/5/a51401-5_20.jpg,/a/5/a51401-5_20.jpg,0,88
A51402-5,/a/5/a51402-5_20.jpg,/a/5/a51402-5_20.jpg,/a/5/a51402-5_20.jpg,0,88
A51403-5,/a/5/a51403-5_20.jpg,/a/5/a51403-5_20.jpg,/a/5/a51403-5_20.jpg,0,88
A51404-5,/a/5/a51404-5_20.jpg,/a/5/a51404-5_20.jpg,/a/5/a51404-5_20.jpg,0,88
A51407-5,/a/5/a51407-5_20.jpg,/a/5/a51407-5_20.jpg,/a/5/a51407-5_20.jpg,0,88
A51408-5,/a/5/a51408-5_20.jpg,/a/5/a51408-5_20.jpg,/a/5/a51408-5_20.jpg,0,88
A51410-5,/a/5/a51410-5_20.jpg,/a/5/a51410-5_20.jpg,/a/5/a51410-5_20.jpg,0,88
A51412-5,/a/5/a51412-5_20.jpg,/a/5/a51412-5_20.jpg,/a/5/a51412-5_20.jpg,0,88
A51413-5,/a/5/a51413-5_20.jpg,/a/5/a51413-5_20.jpg,/a/5/a51413-5_20.jpg,0,88
A51414-5,/a/5/a51414-5_20.jpg,/a/5/a51414-5_20.jpg,/a/5/a51414-5_20.jpg,0,88
A51415-5,/a/5/a51415-5_20.jpg,/a/5/a51415-5_20.jpg,/a/5/a51415-5_20.jpg,0,88
A51411-5,/a/5/a51411-5_20.jpg,/a/5/a51411-5_20.jpg,/a/5/a51411-5_20.jpg,0,88
A51402-2,/a/5/a51402-2_78.jpg,/a/5/a51402-2_78.jpg,/a/5/a51402-2_78.jpg,0,88
A51502-2,/a/5/a51502-2_78.jpg,/a/5/a51502-2_78.jpg,/a/5/a51502-2_78.jpg,0,88
A51506-2,/a/5/a51506-2_78.jpg,/a/5/a51506-2_78.jpg,/a/5/a51506-2_78.jpg,0,88
A51403-2,/a/5/a51403-2_78.jpg,/a/5/a51403-2_78.jpg,/a/5/a51403-2_78.jpg,0,88
A51404-2,/a/5/a51404-2_58.jpg,/a/5/a51404-2_58.jpg,/a/5/a51404-2_58.jpg,0,88
A51512-2,/a/5/a51512-2_78.jpg,/a/5/a51512-2_78.jpg,/a/5/a51512-2_78.jpg,0,88
A51407-2,/a/5/a51407-2_78.jpg,/a/5/a51407-2_78.jpg,/a/5/a51407-2_78.jpg,0,88
A51408-2,/a/5/a51408-2_78.jpg,/a/5/a51408-2_78.jpg,/a/5/a51408-2_78.jpg,0,88
A51510-2,/a/5/a51510-2_78.jpg,/a/5/a51510-2_78.jpg,/a/5/a51510-2_78.jpg,0,88
A51513-2,/a/5/a51513-2_78.jpg,/a/5/a51513-2_78.jpg,/a/5/a51513-2_78.jpg,0,88
A51410-2,/a/5/a51410-2_78.jpg,/a/5/a51410-2_78.jpg,/a/5/a51410-2_78.jpg,0,88
A51411-2,/a/5/a51411-2_81.jpg,/a/5/a51411-2_81.jpg,/a/5/a51411-2_81.jpg,0,88
A51514-2,/a/5/a51514-2_78.jpg,/a/5/a51514-2_78.jpg,/a/5/a51514-2_78.jpg,0,88
A51517-2,/a/5/a51517-2_78.jpg,/a/5/a51517-2_78.jpg,/a/5/a51517-2_78.jpg,0,88
A51414-2,/a/5/a51414-2_78.jpg,/a/5/a51414-2_78.jpg,/a/5/a51414-2_78.jpg,0,88
A51415-2,/a/5/a51415-2_78.jpg,/a/5/a51415-2_78.jpg,/a/5/a51415-2_78.jpg,0,88
A51518-2,/a/5/a51518-2_78.jpg,/a/5/a51518-2_78.jpg,/a/5/a51518-2_78.jpg,0,88
A51430-5,/a/5/a51430-5_20.jpg,/a/5/a51430-5_20.jpg,/a/5/a51430-5_20.jpg,0,88
A51432-5,/a/5/a51432-5_20.jpg,/a/5/a51432-5_20.jpg,/a/5/a51432-5_20.jpg,0,88
A51440-5,/a/5/a51440-5_20.jpg,/a/5/a51440-5_20.jpg,/a/5/a51440-5_20.jpg,0,88
A51441-5,/a/5/a51441-5_20.jpg,/a/5/a51441-5_20.jpg,/a/5/a51441-5_20.jpg,0,88
A51442-5,/a/5/a51442-5_20.jpg,/a/5/a51442-5_20.jpg,/a/5/a51442-5_20.jpg,0,88
A51443-5,/a/5/a51443-5_20.jpg,/a/5/a51443-5_20.jpg,/a/5/a51443-5_20.jpg,0,88
A51454-5,/a/5/a51454-5_20.jpg,/a/5/a51454-5_20.jpg,/a/5/a51454-5_20.jpg,0,88
A51444-5,/a/5/a51444-5_20.jpg,/a/5/a51444-5_20.jpg,/a/5/a51444-5_20.jpg,0,88
A51446-5,/a/5/a51446-5_20.jpg,/a/5/a51446-5_20.jpg,/a/5/a51446-5_20.jpg,0,88
A51447-5,/a/5/a51447-5_20.jpg,/a/5/a51447-5_20.jpg,/a/5/a51447-5_20.jpg,0,88
A51449-5,/a/5/a51449-5_20.jpg,/a/5/a51449-5_20.jpg,/a/5/a51449-5_20.jpg,0,88
A51451-5,/a/5/a51451-5_20.jpg,/a/5/a51451-5_20.jpg,/a/5/a51451-5_20.jpg,0,88
A51452-5,/a/5/a51452-5_20.jpg,/a/5/a51452-5_20.jpg,/a/5/a51452-5_20.jpg,0,88
A51461-5,/a/5/a51461-5_20.jpg,/a/5/a51461-5_20.jpg,/a/5/a51461-5_20.jpg,0,88
A51441-2,/a/5/a51441-2_58.jpg,/a/5/a51441-2_58.jpg,/a/5/a51441-2_58.jpg,0,88
A51544-2,/a/5/a51544-2_78.jpg,/a/5/a51544-2_78.jpg,/a/5/a51544-2_78.jpg,0,88
A51442-2,/a/5/a51442-2_78.jpg,/a/5/a51442-2_78.jpg,/a/5/a51442-2_78.jpg,0,88
A51545-2,/a/5/a51545-2_78.jpg,/a/5/a51545-2_78.jpg,/a/5/a51545-2_78.jpg,0,88
A51443-2,/a/5/a51443-2_78.jpg,/a/5/a51443-2_78.jpg,/a/5/a51443-2_78.jpg,0,88
A51446-2,/a/5/a51446-2_58.jpg,/a/5/a51446-2_58.jpg,/a/5/a51446-2_58.jpg,0,88
A51447-2,/a/5/a51447-2_78.jpg,/a/5/a51447-2_78.jpg,/a/5/a51447-2_78.jpg,0,88
A51553-2,/a/5/a51553-2_78.jpg,/a/5/a51553-2_78.jpg,/a/5/a51553-2_78.jpg,0,88
A51451-2,/a/5/a51451-2_78.jpg,/a/5/a51451-2_78.jpg,/a/5/a51451-2_78.jpg,0,88
A51558-2,/a/5/a51558-2_78.jpg,/a/5/a51558-2_78.jpg,/a/5/a51558-2_78.jpg,0,88
A51559-2,/a/5/a51559-2_78.jpg,/a/5/a51559-2_78.jpg,/a/5/a51559-2_78.jpg,0,88
A51452-2,/a/5/a51452-2_78.jpg,/a/5/a51452-2_78.jpg,/a/5/a51452-2_78.jpg,0,88
A51562-2,/a/5/a51562-2_78.jpg,/a/5/a51562-2_78.jpg,/a/5/a51562-2_78.jpg,0,88
A51454-2,/a/5/a51454-2_78.jpg,/a/5/a51454-2_78.jpg,/a/5/a51454-2_78.jpg,0,88
A51461-2,/a/5/a51461-2_78.jpg,/a/5/a51461-2_78.jpg,/a/5/a51461-2_78.jpg,0,88
A51570-2,/a/5/a51570-2_78.jpg,/a/5/a51570-2_78.jpg,/a/5/a51570-2_78.jpg,0,88
A51500-5,/a/5/a51500-5_20.jpg,/a/5/a51500-5_20.jpg,/a/5/a51500-5_20.jpg,0,88
A51501-5,/a/5/a51501-5_20.jpg,/a/5/a51501-5_20.jpg,/a/5/a51501-5_20.jpg,0,88
A51502-5,/a/5/a51502-5_20.jpg,/a/5/a51502-5_20.jpg,/a/5/a51502-5_20.jpg,0,88
A51503-5,/a/5/a51503-5_20.jpg,/a/5/a51503-5_20.jpg,/a/5/a51503-5_20.jpg,0,88
A51506-5,/a/5/a51506-5_20.jpg,/a/5/a51506-5_20.jpg,/a/5/a51506-5_20.jpg,0,88
A51510-5,/a/5/a51510-5_20.jpg,/a/5/a51510-5_20.jpg,/a/5/a51510-5_20.jpg,0,88
A51509,/a/5/a51509_89.jpg,/a/5/a51509_89.jpg,/a/5/a51509_89.jpg,0,88
A51511-5,/a/5/a51511-5_20.jpg,/a/5/a51511-5_20.jpg,/a/5/a51511-5_20.jpg,0,88
A51512-5,/a/5/a51512-5_20.jpg,/a/5/a51512-5_20.jpg,/a/5/a51512-5_20.jpg,0,88
A51517-5,/a/5/a51517-5_20.jpg,/a/5/a51517-5_20.jpg,/a/5/a51517-5_20.jpg,0,88
A51518-5,/a/5/a51518-5_20.jpg,/a/5/a51518-5_20.jpg,/a/5/a51518-5_20.jpg,0,88
A51513-5,/a/5/a51513-5_20.jpg,/a/5/a51513-5_20.jpg,/a/5/a51513-5_20.jpg,0,88
A51514-5,/a/5/a51514-5_20.jpg,/a/5/a51514-5_20.jpg,/a/5/a51514-5_20.jpg,0,88
A51502-1,/a/5/a51502-1_78.jpg,/a/5/a51502-1_78.jpg,/a/5/a51502-1_78.jpg,0,88
A51402-1,/a/5/a51402-1_78.jpg,/a/5/a51402-1_78.jpg,/a/5/a51402-1_78.jpg,0,88
A51403-1,/a/5/a51403-1_78.jpg,/a/5/a51403-1_78.jpg,/a/5/a51403-1_78.jpg,0,88
A51506-1,/a/5/a51506-1_78.jpg,/a/5/a51506-1_78.jpg,/a/5/a51506-1_78.jpg,0,88
A51404-1,/a/5/a51404-1_58.jpg,/a/5/a51404-1_58.jpg,/a/5/a51404-1_58.jpg,0,88
A51408-1,/a/5/a51408-1_78.jpg,/a/5/a51408-1_78.jpg,/a/5/a51408-1_78.jpg,0,88
A51510-1,/a/5/a51510-1_78.jpg,/a/5/a51510-1_78.jpg,/a/5/a51510-1_78.jpg,0,88
A51512-1,/a/5/a51512-1_81.jpg,/a/5/a51512-1_81.jpg,/a/5/a51512-1_81.jpg,0,88
A51407-1,/a/5/a51407-1_78.jpg,/a/5/a51407-1_78.jpg,/a/5/a51407-1_78.jpg,0,88
A51410-1,/a/5/a51410-1_78.jpg,/a/5/a51410-1_78.jpg,/a/5/a51410-1_78.jpg,0,88
A51513-1,/a/5/a51513-1_78.jpg,/a/5/a51513-1_78.jpg,/a/5/a51513-1_78.jpg,0,88
A51514-1,/a/5/a51514-1_78.jpg,/a/5/a51514-1_78.jpg,/a/5/a51514-1_78.jpg,0,88
A51411-1,/a/5/a51411-1_78.jpg,/a/5/a51411-1_78.jpg,/a/5/a51411-1_78.jpg,0,88
A51414-1,/a/5/a51414-1_78.jpg,/a/5/a51414-1_78.jpg,/a/5/a51414-1_78.jpg,0,88
A51517-1,/a/5/a51517-1_78.jpg,/a/5/a51517-1_78.jpg,/a/5/a51517-1_78.jpg,0,88
A51518-1,/a/5/a51518-1_78.jpg,/a/5/a51518-1_78.jpg,/a/5/a51518-1_78.jpg,0,88
A51415-1,/a/5/a51415-1_78.jpg,/a/5/a51415-1_78.jpg,/a/5/a51415-1_78.jpg,0,88
A51531-5,/a/5/a51531-5_20.jpg,/a/5/a51531-5_20.jpg,/a/5/a51531-5_20.jpg,0,88
A51533-5,/a/5/a51533-5_20.jpg,/a/5/a51533-5_20.jpg,/a/5/a51533-5_20.jpg,0,88
A51534-5,/a/5/a51534-5_20.jpg,/a/5/a51534-5_20.jpg,/a/5/a51534-5_20.jpg,0,88
A51540-5,/a/5/a51540-5_20.jpg,/a/5/a51540-5_20.jpg,/a/5/a51540-5_20.jpg,0,88
A51544-5,/a/5/a51544-5_20.jpg,/a/5/a51544-5_20.jpg,/a/5/a51544-5_20.jpg,0,88
A51545-5,/a/5/a51545-5_20.jpg,/a/5/a51545-5_20.jpg,/a/5/a51545-5_20.jpg,0,88
A51548-5,/a/5/a51548-5_20.jpg,/a/5/a51548-5_20.jpg,/a/5/a51548-5_20.jpg,0,88
A51550-5,/a/5/a51550-5_20.jpg,/a/5/a51550-5_20.jpg,/a/5/a51550-5_20.jpg,0,88
A51551-5,/a/5/a51551-5_20.jpg,/a/5/a51551-5_20.jpg,/a/5/a51551-5_20.jpg,0,88
A51571-5,/a/5/a51571-5_20.jpg,/a/5/a51571-5_20.jpg,/a/5/a51571-5_20.jpg,0,88
A51553-5,/a/5/a51553-5_20.jpg,/a/5/a51553-5_20.jpg,/a/5/a51553-5_20.jpg,0,88
A51555-5,/a/5/a51555-5_20.jpg,/a/5/a51555-5_20.jpg,/a/5/a51555-5_20.jpg,0,88
A51557-5,/a/5/a51557-5_20.jpg,/a/5/a51557-5_20.jpg,/a/5/a51557-5_20.jpg,0,88
A51558-5,/a/5/a51558-5_20.jpg,/a/5/a51558-5_20.jpg,/a/5/a51558-5_20.jpg,0,88
A51559-5,/a/5/a51559-5_20.jpg,/a/5/a51559-5_20.jpg,/a/5/a51559-5_20.jpg,0,88
A51561-5,/a/5/a51561-5_20.jpg,/a/5/a51561-5_20.jpg,/a/5/a51561-5_20.jpg,0,88
A51562-5,/a/5/a51562-5_20.jpg,/a/5/a51562-5_20.jpg,/a/5/a51562-5_20.jpg,0,88
A51568-5,/a/5/a51568-5_20.jpg,/a/5/a51568-5_20.jpg,/a/5/a51568-5_20.jpg,0,88
A51570-5,/a/5/a51570-5_20.jpg,/a/5/a51570-5_20.jpg,/a/5/a51570-5_20.jpg,0,88
A51441-1,/a/5/a51441-1_58.jpg,/a/5/a51441-1_58.jpg,/a/5/a51441-1_58.jpg,0,88
A51442-1,/a/5/a51442-1_78.jpg,/a/5/a51442-1_78.jpg,/a/5/a51442-1_78.jpg,0,88
A51544-1,/a/5/a51544-1_78.jpg,/a/5/a51544-1_78.jpg,/a/5/a51544-1_78.jpg,0,88
A51545-1,/a/5/a51545-1_78.jpg,/a/5/a51545-1_78.jpg,/a/5/a51545-1_78.jpg,0,88
A51443-1,/a/5/a51443-1_78.jpg,/a/5/a51443-1_78.jpg,/a/5/a51443-1_78.jpg,0,88
A51446-1,/a/5/a51446-1_58.jpg,/a/5/a51446-1_58.jpg,/a/5/a51446-1_58.jpg,0,88
A51447-1,/a/5/a51447-1_78.jpg,/a/5/a51447-1_78.jpg,/a/5/a51447-1_78.jpg,0,88
A51553-1,/a/5/a51553-1_78.jpg,/a/5/a51553-1_78.jpg,/a/5/a51553-1_78.jpg,0,88
A51451-1,/a/5/a51451-1_78.jpg,/a/5/a51451-1_78.jpg,/a/5/a51451-1_78.jpg,0,88
A51558-1,/a/5/a51558-1_78.jpg,/a/5/a51558-1_78.jpg,/a/5/a51558-1_78.jpg,0,88
A51559-1,/a/5/a51559-1_78.jpg,/a/5/a51559-1_78.jpg,/a/5/a51559-1_78.jpg,0,88
A51452-1,/a/5/a51452-1_78.jpg,/a/5/a51452-1_78.jpg,/a/5/a51452-1_78.jpg,0,88
A51454-1,/a/5/a51454-1_78.jpg,/a/5/a51454-1_78.jpg,/a/5/a51454-1_78.jpg,0,88
A51562-1,/a/5/a51562-1_78.jpg,/a/5/a51562-1_78.jpg,/a/5/a51562-1_78.jpg,0,88
A51570-1,/a/5/a51570-1_78.jpg,/a/5/a51570-1_78.jpg,/a/5/a51570-1_78.jpg,0,88
A51461-1,/a/5/a51461-1_78.jpg,/a/5/a51461-1_78.jpg,/a/5/a51461-1_78.jpg,0,88
A51590-5,/a/5/a51590-5_20.jpg,/a/5/a51590-5_20.jpg,/a/5/a51590-5_20.jpg,0,88
A51592-5,/a/5/a51592-5_20.jpg,/a/5/a51592-5_20.jpg,/a/5/a51592-5_20.jpg,0,88
A51593-5,/a/5/a51593-5_19.jpg,/a/5/a51593-5_19.jpg,/a/5/a51593-5_19.jpg,0,88
A51594-5,/a/5/a51594-5_20.jpg,/a/5/a51594-5_20.jpg,/a/5/a51594-5_20.jpg,0,88
A51601-3,/a/5/a51601-3_75.jpg,/a/5/a51601-3_75.jpg,/a/5/a51601-3_75.jpg,0,88
A51600-6,/a/5/a51600-6_20.jpg,/a/5/a51600-6_20.jpg,/a/5/a51600-6_20.jpg,0,88
A51652-3,/a/5/a51652-3_40.jpg,/a/5/a51652-3_40.jpg,/a/5/a51652-3_40.jpg,0,88
A51640-4,/a/5/a51640-4_78.jpg,/a/5/a51640-4_78.jpg,/a/5/a51640-4_78.jpg,0,88
A51600-7,/a/5/a51600-7_20.jpg,/a/5/a51600-7_20.jpg,/a/5/a51600-7_20.jpg,0,88
A51620-4,/a/5/a51620-4_78.jpg,/a/5/a51620-4_78.jpg,/a/5/a51620-4_78.jpg,0,88
A51601-6,/a/5/a51601-6_20.jpg,/a/5/a51601-6_20.jpg,/a/5/a51601-6_20.jpg,0,88
A51641-4,/a/5/a51641-4_78.jpg,/a/5/a51641-4_78.jpg,/a/5/a51641-4_78.jpg,0,88
A51602-6,/a/5/a51602-6_20.jpg,/a/5/a51602-6_20.jpg,/a/5/a51602-6_20.jpg,0,88
A51622-2,/a/5/a51622-2_78.jpg,/a/5/a51622-2_78.jpg,/a/5/a51622-2_78.jpg,0,88
A51602-7,/a/5/a51602-7_20.jpg,/a/5/a51602-7_20.jpg,/a/5/a51602-7_20.jpg,0,88
A51622-4,/a/5/a51622-4_78.jpg,/a/5/a51622-4_78.jpg,/a/5/a51622-4_78.jpg,0,88
A51642-4,/a/5/a51642-4_78.jpg,/a/5/a51642-4_78.jpg,/a/5/a51642-4_78.jpg,0,88
A51603-6,/a/5/a51603-6_20.jpg,/a/5/a51603-6_20.jpg,/a/5/a51603-6_20.jpg,0,88
A51623-2,/a/5/a51623-2_78.jpg,/a/5/a51623-2_78.jpg,/a/5/a51623-2_78.jpg,0,88
A51610-3,/a/5/a51610-3_78.jpg,/a/5/a51610-3_78.jpg,/a/5/a51610-3_78.jpg,0,88
A51608-3,/a/5/a51608-3_78.jpg,/a/5/a51608-3_78.jpg,/a/5/a51608-3_78.jpg,0,88
A51609-3,/a/5/a51609-3_78.jpg,/a/5/a51609-3_78.jpg,/a/5/a51609-3_78.jpg,0,88
A51606-3,/a/5/a51606-3_78.jpg,/a/5/a51606-3_78.jpg,/a/5/a51606-3_78.jpg,0,88
A51607-3,/a/5/a51607-3_78.jpg,/a/5/a51607-3_78.jpg,/a/5/a51607-3_78.jpg,0,88
A51604-3,/a/5/a51604-3_78.jpg,/a/5/a51604-3_78.jpg,/a/5/a51604-3_78.jpg,0,88
A51605-3,/a/5/a51605-3_78.jpg,/a/5/a51605-3_78.jpg,/a/5/a51605-3_78.jpg,0,88
A51603-7,/a/5/a51603-7_20.jpg,/a/5/a51603-7_20.jpg,/a/5/a51603-7_20.jpg,0,88
A51603-8,/a/5/a51603-8_20.jpg,/a/5/a51603-8_20.jpg,/a/5/a51603-8_20.jpg,0,88
A51623-4,/a/5/a51623-4_78.jpg,/a/5/a51623-4_78.jpg,/a/5/a51623-4_78.jpg,0,88
A51643-4,/a/5/a51643-4_78.jpg,/a/5/a51643-4_78.jpg,/a/5/a51643-4_78.jpg,0,88
A51624-2,/a/5/a51624-2_78.jpg,/a/5/a51624-2_78.jpg,/a/5/a51624-2_78.jpg,0,88
A51604-7,/a/5/a51604-7_20.jpg,/a/5/a51604-7_20.jpg,/a/5/a51604-7_20.jpg,0,88
A51604-5,/a/5/a51604-5_20.jpg,/a/5/a51604-5_20.jpg,/a/5/a51604-5_20.jpg,0,88
A51624-4,/a/5/a51624-4_78.jpg,/a/5/a51624-4_78.jpg,/a/5/a51624-4_78.jpg,0,88
A51644-4,/a/5/a51644-4_78.jpg,/a/5/a51644-4_78.jpg,/a/5/a51644-4_78.jpg,0,88
A51625-2,/a/5/a51625-2_78.jpg,/a/5/a51625-2_78.jpg,/a/5/a51625-2_78.jpg,0,88
A51605-6,/a/5/a51605-6_20.jpg,/a/5/a51605-6_20.jpg,/a/5/a51605-6_20.jpg,0,88
A51605-7,/a/5/a51605-7_20.jpg,/a/5/a51605-7_20.jpg,/a/5/a51605-7_20.jpg,0,88
A51625-4,/a/5/a51625-4_78.jpg,/a/5/a51625-4_78.jpg,/a/5/a51625-4_78.jpg,0,88
A51645-4,/a/5/a51645-4_78.jpg,/a/5/a51645-4_78.jpg,/a/5/a51645-4_78.jpg,0,88
A51626-2,/a/5/a51626-2_78.jpg,/a/5/a51626-2_78.jpg,/a/5/a51626-2_78.jpg,0,88
A51606-6,/a/5/a51606-6_20.jpg,/a/5/a51606-6_20.jpg,/a/5/a51606-6_20.jpg,0,88
A51606-7,/a/5/a51606-7_20.jpg,/a/5/a51606-7_20.jpg,/a/5/a51606-7_20.jpg,0,88
A51626-4,/a/5/a51626-4_78.jpg,/a/5/a51626-4_78.jpg,/a/5/a51626-4_78.jpg,0,88
A51646-4,/a/5/a51646-4_78.jpg,/a/5/a51646-4_78.jpg,/a/5/a51646-4_78.jpg,0,88
A51627-2,/a/5/a51627-2_78.jpg,/a/5/a51627-2_78.jpg,/a/5/a51627-2_78.jpg,0,88
A51607-6,/a/5/a51607-6_20.jpg,/a/5/a51607-6_20.jpg,/a/5/a51607-6_20.jpg,0,88
A51607-7,/a/5/a51607-7_20.jpg,/a/5/a51607-7_20.jpg,/a/5/a51607-7_20.jpg,0,88
A51627-4,/a/5/a51627-4_78.jpg,/a/5/a51627-4_78.jpg,/a/5/a51627-4_78.jpg,0,88
A51647-4,/a/5/a51647-4_78.jpg,/a/5/a51647-4_78.jpg,/a/5/a51647-4_78.jpg,0,88
A51628-2,/a/5/a51628-2_78.jpg,/a/5/a51628-2_78.jpg,/a/5/a51628-2_78.jpg,0,88
A51608-2,/a/5/a51608-2_78.jpg,/a/5/a51608-2_78.jpg,/a/5/a51608-2_78.jpg,0,88
A51608-6,/a/5/a51608-6_20.jpg,/a/5/a51608-6_20.jpg,/a/5/a51608-6_20.jpg,0,88
A51628-4,/a/5/a51628-4_78.jpg,/a/5/a51628-4_78.jpg,/a/5/a51628-4_78.jpg,0,88
A51648-4,/a/5/a51648-4_78.jpg,/a/5/a51648-4_78.jpg,/a/5/a51648-4_78.jpg,0,88
A51629-2,/a/5/a51629-2_78.jpg,/a/5/a51629-2_78.jpg,/a/5/a51629-2_78.jpg,0,88
A51609-6,/a/5/a51609-6_20.jpg,/a/5/a51609-6_20.jpg,/a/5/a51609-6_20.jpg,0,88
A51609-7,/a/5/a51609-7_20.jpg,/a/5/a51609-7_20.jpg,/a/5/a51609-7_20.jpg,0,88
A51629-4,/a/5/a51629-4_78.jpg,/a/5/a51629-4_78.jpg,/a/5/a51629-4_78.jpg,0,88
A51649-4,/a/5/a51649-4_78.jpg,/a/5/a51649-4_78.jpg,/a/5/a51649-4_78.jpg,0,88
A51630-2,/a/5/a51630-2_78.jpg,/a/5/a51630-2_78.jpg,/a/5/a51630-2_78.jpg,0,88
A51610-6,/a/5/a51610-6_20.jpg,/a/5/a51610-6_20.jpg,/a/5/a51610-6_20.jpg,0,88
A51610-7,/a/5/a51610-7_20.jpg,/a/5/a51610-7_20.jpg,/a/5/a51610-7_20.jpg,0,88
A51630-4,/a/5/a51630-4_78.jpg,/a/5/a51630-4_78.jpg,/a/5/a51630-4_78.jpg,0,88
A51650-4,/a/5/a51650-4_78.jpg,/a/5/a51650-4_78.jpg,/a/5/a51650-4_78.jpg,0,88
A51650-5,/a/5/a51650-5_20.jpg,/a/5/a51650-5_20.jpg,/a/5/a51650-5_20.jpg,0,88
A51649-5,/a/5/a51649-5_20.jpg,/a/5/a51649-5_20.jpg,/a/5/a51649-5_20.jpg,0,88
A51648-5,/a/5/a51648-5_20.jpg,/a/5/a51648-5_20.jpg,/a/5/a51648-5_20.jpg,0,88
A51643-5,/a/5/a51643-5_20.jpg,/a/5/a51643-5_20.jpg,/a/5/a51643-5_20.jpg,0,88
A51644-5,/a/5/a51644-5_20.jpg,/a/5/a51644-5_20.jpg,/a/5/a51644-5_20.jpg,0,88
A51647-5,/a/5/a51647-5_20.jpg,/a/5/a51647-5_20.jpg,/a/5/a51647-5_20.jpg,0,88
A51646-5,/a/5/a51646-5_20.jpg,/a/5/a51646-5_20.jpg,/a/5/a51646-5_20.jpg,0,88
A51645-5,/a/5/a51645-5_20.jpg,/a/5/a51645-5_20.jpg,/a/5/a51645-5_20.jpg,0,88
A51642-5,/a/5/a51642-5_20.jpg,/a/5/a51642-5_20.jpg,/a/5/a51642-5_20.jpg,0,88
A51641-5,/a/5/a51641-5_20.jpg,/a/5/a51641-5_20.jpg,/a/5/a51641-5_20.jpg,0,88
A51640-5,/a/5/a51640-5_20.jpg,/a/5/a51640-5_20.jpg,/a/5/a51640-5_20.jpg,0,88
A5402-5,/a/5/a5402-5_20.jpg,/a/5/a5402-5_20.jpg,/a/5/a5402-5_20.jpg,0,88
A5404-2,/a/5/a5404-2_78.jpg,/a/5/a5404-2_78.jpg,/a/5/a5404-2_78.jpg,0,88
A5412-5,/a/5/a5412-5_20.jpg,/a/5/a5412-5_20.jpg,/a/5/a5412-5_20.jpg,0,88
A5414-5,/a/5/a5414-5_20.jpg,/a/5/a5414-5_20.jpg,/a/5/a5414-5_20.jpg,0,88
A5416-5,/a/5/a5416-5_20.jpg,/a/5/a5416-5_20.jpg,/a/5/a5416-5_20.jpg,0,88
A5420-5,/a/5/a5420-5_20.jpg,/a/5/a5420-5_20.jpg,/a/5/a5420-5_20.jpg,0,88
A5422-5,/a/5/a5422-5_20.jpg,/a/5/a5422-5_20.jpg,/a/5/a5422-5_20.jpg,0,88
A5424-5,/a/5/a5424-5_20.jpg,/a/5/a5424-5_20.jpg,/a/5/a5424-5_20.jpg,0,88
A5440-5,/a/5/a5440-5_20.jpg,/a/5/a5440-5_20.jpg,/a/5/a5440-5_20.jpg,0,88
A5442-5,/a/5/a5442-5_20.jpg,/a/5/a5442-5_20.jpg,/a/5/a5442-5_20.jpg,0,88
A5444-5,/a/5/a5444-5_20.jpg,/a/5/a5444-5_20.jpg,/a/5/a5444-5_20.jpg,0,88
A5446-5,/a/5/a5446-5_20.jpg,/a/5/a5446-5_20.jpg,/a/5/a5446-5_20.jpg,0,88
A5462-5,/a/5/a5462-5_20.jpg,/a/5/a5462-5_20.jpg,/a/5/a5462-5_20.jpg,0,88
A5464-5,/a/5/a5464-5_20.jpg,/a/5/a5464-5_20.jpg,/a/5/a5464-5_20.jpg,0,88
A5466-5,/a/5/a5466-5_20.jpg,/a/5/a5466-5_20.jpg,/a/5/a5466-5_20.jpg,0,88
A5490-5,/a/5/a5490-5_20.jpg,/a/5/a5490-5_20.jpg,/a/5/a5490-5_20.jpg,0,88
A5491-3,/a/5/a5491-3_78.jpg,/a/5/a5491-3_78.jpg,/a/5/a5491-3_78.jpg,0,88
A5494-5,/a/5/a5494-5_20.jpg,/a/5/a5494-5_20.jpg,/a/5/a5494-5_20.jpg,0,88
A5495-3,/a/5/a5495-3_78.jpg,/a/5/a5495-3_78.jpg,/a/5/a5495-3_78.jpg,0,88
A5502-5,/a/5/a5502-5_20.jpg,/a/5/a5502-5_20.jpg,/a/5/a5502-5_20.jpg,0,88
A5549-3,/a/5/a5549-3_78.jpg,/a/5/a5549-3_78.jpg,/a/5/a5549-3_78.jpg,0,88
A5540-3,/a/5/a5540-3_78.jpg,/a/5/a5540-3_78.jpg,/a/5/a5540-3_78.jpg,0,88
A5541-3,/a/5/a5541-3_78.jpg,/a/5/a5541-3_78.jpg,/a/5/a5541-3_78.jpg,0,88
A5520-5,/a/5/a5520-5_20.jpg,/a/5/a5520-5_20.jpg,/a/5/a5520-5_20.jpg,0,88
A5530-5,/a/5/a5530-5_20.jpg,/a/5/a5530-5_20.jpg,/a/5/a5530-5_20.jpg,0,88
A5531-5,/a/5/a5531-5_20.jpg,/a/5/a5531-5_20.jpg,/a/5/a5531-5_20.jpg,0,88
A5532-5,/a/5/a5532-5_20.jpg,/a/5/a5532-5_20.jpg,/a/5/a5532-5_20.jpg,0,88
A5533-5,/a/5/a5533-5_20.jpg,/a/5/a5533-5_20.jpg,/a/5/a5533-5_20.jpg,0,88
A5534-5,/a/5/a5534-5_20.jpg,/a/5/a5534-5_20.jpg,/a/5/a5534-5_20.jpg,0,88
A5537-5,/a/5/a5537-5_19.jpg,/a/5/a5537-5_19.jpg,/a/5/a5537-5_19.jpg,0,88
A5540-5,/a/5/a5540-5_20.jpg,/a/5/a5540-5_20.jpg,/a/5/a5540-5_20.jpg,0,88
A5541-1,/a/5/a5541-1_81.jpg,/a/5/a5541-1_81.jpg,/a/5/a5541-1_81.jpg,0,88
A5549-1,/a/5/a5549-1_80.jpg,/a/5/a5549-1_80.jpg,/a/5/a5549-1_80.jpg,0,88
A51509-2,/a/5/a51509-2_58.jpg,/a/5/a51509-2_58.jpg,/a/5/a51509-2_58.jpg,0,88
A51603-5,/a/5/a51603-5_20.jpg,/a/5/a51603-5_20.jpg,/a/5/a51603-5_20.jpg,0,88
A51602-5,/a/5/a51602-5_20.jpg,/a/5/a51602-5_20.jpg,/a/5/a51602-5_20.jpg,0,88
A51600-5,/a/5/a51600-5_20.jpg,/a/5/a51600-5_20.jpg,/a/5/a51600-5_20.jpg,0,88
A51604-6,/a/5/a51604-6_20.jpg,/a/5/a51604-6_20.jpg,/a/5/a51604-6_20.jpg,0,88
A51605-5,/a/5/a51605-5_20.jpg,/a/5/a51605-5_20.jpg,/a/5/a51605-5_20.jpg,0,88
A51601-5,/a/5/a51601-5_20.jpg,/a/5/a51601-5_20.jpg,/a/5/a51601-5_20.jpg,0,88
A51606-5,/a/5/a51606-5_20.jpg,/a/5/a51606-5_20.jpg,/a/5/a51606-5_20.jpg,0,88
A51610-5,/a/5/a51610-5_20.jpg,/a/5/a51610-5_20.jpg,/a/5/a51610-5_20.jpg,0,88
A51607-5,/a/5/a51607-5_20.jpg,/a/5/a51607-5_20.jpg,/a/5/a51607-5_20.jpg,0,88
A51608-5,/a/5/a51608-5_20.jpg,/a/5/a51608-5_20.jpg,/a/5/a51608-5_20.jpg,0,88
A51609-5,/a/5/a51609-5_20.jpg,/a/5/a51609-5_20.jpg,/a/5/a51609-5_20.jpg,0,88
A51620-5,/a/5/a51620-5_20.jpg,/a/5/a51620-5_20.jpg,/a/5/a51620-5_20.jpg,0,88
A51622-5,/a/5/a51622-5_20.jpg,/a/5/a51622-5_20.jpg,/a/5/a51622-5_20.jpg,0,88
A51623-5,/a/5/a51623-5_20.jpg,/a/5/a51623-5_20.jpg,/a/5/a51623-5_20.jpg,0,88
A51627-5,/a/5/a51627-5_20.jpg,/a/5/a51627-5_20.jpg,/a/5/a51627-5_20.jpg,0,88
A51630-5,/a/5/a51630-5_20.jpg,/a/5/a51630-5_20.jpg,/a/5/a51630-5_20.jpg,0,88
A51629-5,/a/5/a51629-5_20.jpg,/a/5/a51629-5_20.jpg,/a/5/a51629-5_20.jpg,0,88
A51628-5,/a/5/a51628-5_20.jpg,/a/5/a51628-5_20.jpg,/a/5/a51628-5_20.jpg,0,88
A51626-5,/a/5/a51626-5_20.jpg,/a/5/a51626-5_20.jpg,/a/5/a51626-5_20.jpg,0,88
A51625-5,/a/5/a51625-5_20.jpg,/a/5/a51625-5_20.jpg,/a/5/a51625-5_20.jpg,0,88
A51624-5,/a/5/a51624-5_20.jpg,/a/5/a51624-5_20.jpg,/a/5/a51624-5_20.jpg,0,88
A503124-5,/a/5/a503124-5_20.jpg,/a/5/a503124-5_20.jpg,/a/5/a503124-5_20.jpg,0,88
A50521-5,/a/5/a50521-5_20.jpg,/a/5/a50521-5_20.jpg,/a/5/a50521-5_20.jpg,0,88
A51263-5,/a/5/a51263-5_20.jpg,/a/5/a51263-5_20.jpg,/a/5/a51263-5_20.jpg,0,88
A51264-5,/a/5/a51264-5_20.jpg,/a/5/a51264-5_20.jpg,/a/5/a51264-5_20.jpg,0,88
A51266-5,/a/5/a51266-5_20.jpg,/a/5/a51266-5_20.jpg,/a/5/a51266-5_20.jpg,0,88
A51267-5,/a/5/a51267-5_20.jpg,/a/5/a51267-5_20.jpg,/a/5/a51267-5_20.jpg,0,88
A51268-5,/a/5/a51268-5_20.jpg,/a/5/a51268-5_20.jpg,/a/5/a51268-5_20.jpg,0,88
A51269-5,/a/5/a51269-5_20.jpg,/a/5/a51269-5_20.jpg,/a/5/a51269-5_20.jpg,0,88
A51270-5,/a/5/a51270-5_20.jpg,/a/5/a51270-5_20.jpg,/a/5/a51270-5_20.jpg,0,88
A51271-5,/a/5/a51271-5_20.jpg,/a/5/a51271-5_20.jpg,/a/5/a51271-5_20.jpg,0,88
A51314-5,/a/5/a51314-5_20.jpg,/a/5/a51314-5_20.jpg,/a/5/a51314-5_20.jpg,0,88
A51651-3,/a/5/a51651-3_23.jpg,/a/5/a51651-3_23.jpg,/a/5/a51651-3_23.jpg,0,88
A51651-5,/a/5/a51651-5_20.jpg,/a/5/a51651-5_20.jpg,/a/5/a51651-5_20.jpg,0,88
A51652-5,/a/5/a51652-5_20.jpg,/a/5/a51652-5_20.jpg,/a/5/a51652-5_20.jpg,0,88
A51653-5,/a/5/a51653-5_20.jpg,/a/5/a51653-5_20.jpg,/a/5/a51653-5_20.jpg,0,88
A51654-5,/a/5/a51654-5_20.jpg,/a/5/a51654-5_20.jpg,/a/5/a51654-5_20.jpg,0,88
A51655-5,/a/5/a51655-5_20.jpg,/a/5/a51655-5_20.jpg,/a/5/a51655-5_20.jpg,0,88
A5050,/a/5/a5050_12.jpg,/a/5/a5050_12.jpg,/a/5/a5050_12.jpg,0,88
A50713,/a/5/a50713_94.jpg,/a/5/a50713_94.jpg,/a/5/a50713_94.jpg,0,88
A51396,/a/5/a51396_12.jpg,/a/5/a51396_12.jpg,/a/5/a51396_12.jpg,0,88
A51397,/a/5/a51397_12.jpg,/a/5/a51397_12.jpg,/a/5/a51397_12.jpg,0,88
A51403-B,/a/5/a51403-b_91.jpg,/a/5/a51403-b_91.jpg,/a/5/a51403-b_91.jpg,0,88
A51412-1,/a/5/a51412-1_58.jpg,/a/5/a51412-1_58.jpg,/a/5/a51412-1_58.jpg,0,88
A51412-B,/a/5/a51412-b_58.jpg,/a/5/a51412-b_58.jpg,/a/5/a51412-b_58.jpg,0,88
A51501,/a/5/a51501_97.jpg,/a/5/a51501_97.jpg,/a/5/a51501_97.jpg,0,88
A51502-S,/a/5/a51502-s_12.jpg,/a/5/a51502-s_12.jpg,/a/5/a51502-s_12.jpg,0,88
A51506-S,/a/5/a51506-s_12.jpg,/a/5/a51506-s_12.jpg,/a/5/a51506-s_12.jpg,0,88
A51510-S,/a/5/a51510-s_12.jpg,/a/5/a51510-s_12.jpg,/a/5/a51510-s_12.jpg,0,88
A51511,/a/5/a51511_97.jpg,/a/5/a51511_97.jpg,/a/5/a51511_97.jpg,0,88
A51512-S,/a/5/a51512-s_12.jpg,/a/5/a51512-s_12.jpg,/a/5/a51512-s_12.jpg,0,88
A51513-S,/a/5/a51513-s_12.jpg,/a/5/a51513-s_12.jpg,/a/5/a51513-s_12.jpg,0,88
A51514-S,/a/5/a51514-s_12.jpg,/a/5/a51514-s_12.jpg,/a/5/a51514-s_12.jpg,0,88
A51517-S,/a/5/a51517-s_12.jpg,/a/5/a51517-s_12.jpg,/a/5/a51517-s_12.jpg,0,88
A51518-S,/a/5/a51518-s_12.jpg,/a/5/a51518-s_12.jpg,/a/5/a51518-s_12.jpg,0,88
A51544-S,/a/5/a51544-s_12.jpg,/a/5/a51544-s_12.jpg,/a/5/a51544-s_12.jpg,0,88
A51545-S,/a/5/a51545-s_12.jpg,/a/5/a51545-s_12.jpg,/a/5/a51545-s_12.jpg,0,88
A51558-S,/a/5/a51558-s_12.jpg,/a/5/a51558-s_12.jpg,/a/5/a51558-s_12.jpg,0,88
A51559-S,/a/5/a51559-s_12.jpg,/a/5/a51559-s_12.jpg,/a/5/a51559-s_12.jpg,0,88
A51562-S,/a/5/a51562-s_12.jpg,/a/5/a51562-s_12.jpg,/a/5/a51562-s_12.jpg,0,88
A51570-S,/a/5/a51570-s_12.jpg,/a/5/a51570-s_12.jpg,/a/5/a51570-s_12.jpg,0,88
A51571,/a/5/a51571_96.jpg,/a/5/a51571_96.jpg,/a/5/a51571_96.jpg,0,88
A515993,/a/5/a515993_12.jpg,/a/5/a515993_12.jpg,/a/5/a515993_12.jpg,0,88
